1638467405, 1638467405
"Free-Walk", 1638467417, 1638467418
"Free-Walk", 1638467420, 1638467421
"Free-Walk", 1638467422, 1638467423
"Free-Walk", 1638467425, 1638467426
"Free-Walk", 1638467427, 1638467428
"Free-Walk", 1638467429, 1638467431
"Free-Walk", 1638467432, 1638467433
"Free-Walk", 1638467434, 1638467436
"Free-Walk", 1638467436, 1638467438
"Free-Walk", 1638467439, 1638467441
"Free-Walk", 1638467441, 1638467444
"Free-Walk", 1638467445, 1638467447
"Free-Walk", 1638467448, 1638467449
"Free-Walk", 1638467450, 1638467451
"Free-Walk", 1638467452, 1638467454
"Free-Walk", 1638467454, 1638467456
"Free-Walk", 1638467456, 1638467458
"Free-Walk", 1638467458, 1638467460
"Free-Walk", 1638467461, 1638467462
"Free-Walk", 1638467463, 1638467465
"Free-Walk", 1638467466, 1638467467
