0,6,5,1,3,2,4
"Free-Walk", 1637079843, 1637079851
"Free-Walk", 1637079855, 1637079864
"Free-Walk", 1637079867, 1637079875
"Free-Walk", 1637079878, 1637079887
"Free-Walk", 1637079889, 1637079898
"Free-Walk", 1637079901, 1637079910
"Free-Walk", 1637079913, 1637079923
"Free-Walk", 1637079926, 1637079936
"Free-Walk", 1637079938, 1637079948
"Free-Walk", 1637079950, 1637079959
"Free-Walk", 1637079962, 1637079971
"Free-Walk", 1637079975, 1637079985
"Free-Walk", 1637079988, 1637079997
"Free-Walk", 1637080001, 1637080011
"Free-Walk", 1637080013, null
